1. Labor rights and health,2. Inclusion and gender equity,3. Social Responsibility,4. Supply chain resilience,5. Social sustainability2Ord,RES_CS_1,RES_CS_2,RES_CS_3,RES_CS_4,RES_CS_5,RES_CS_6,TIEMPO_PANDEMIA
-1.652,-1.551,-1.614,-1.033,-1.783,4,3,3,4,5,5,PRE_Covid19_(2019)
-1.652,-1.551,-1.614,-1.033,-1.783,4,3,3,4,5,5,PRE_Covid19_(2019)
-1.17,-0.966,-0.836,-0.9,-1.109,5,3,5,4,4,4,PRE_Covid19_(2019)
0.246,0.015,-0.051,-0.899,0.085,4,3,4,4,5,5,PRE_Covid19_(2019)
-0.622,-1.838,-1.614,-1.817,-1.487,4,3,2,3,3,3,PRE_Covid19_(2019)
0.157,-1.783,-0.787,-2.582,-0.881,2,2,2,2,2,2,PRE_Covid19_(2019)
0.957,0.561,0.581,1.05,0.785,7,5,7,7,7,7,PRE_Covid19_(2019)
-0.15,-0.394,0.16,0.13,-0.155,6,5,6,6,6,4,PRE_Covid19_(2019)
0.255,-1.216,-1.776,-0.511,-0.961,6,4,4,5,4,5,PRE_Covid19_(2019)
-0.602,-0.498,-1.201,-0.647,-0.831,5,4,5,5,5,3,PRE_Covid19_(2019)
0.448,0.785,0.678,-0.391,0.703,5,4,5,5,6,4,PRE_Covid19_(2019)
-1.054,-0.202,-0.036,-0.377,-0.503,5,4,5,5,5,5,PRE_Covid19_(2019)
-0.828,-1.138,-1.362,-1.583,-1.217,5,2,2,3,5,3,PRE_Covid19_(2019)
0.108,-0.426,-0.963,-0.258,-0.444,6,4,6,5,5,4,PRE_Covid19_(2019)
-1.263,-1.824,-0.618,-0.103,-1.398,6,4,6,6,4,5,PRE_Covid19_(2019)
0.558,-0.058,0.685,-0.257,0.429,6,4,5,5,5,5,PRE_Covid19_(2019)
0.442,0.937,0.636,0.528,0.744,7,4,6,6,6,7,PRE_Covid19_(2019)
1.18,0.863,1.26,0.909,1.217,7,5,7,6,7,7,PRE_Covid19_(2019)
0.558,0.443,0.524,0.528,0.565,6,4,6,6,7,7,PRE_Covid19_(2019)
-1.889,-1.702,-0.933,-0.869,-1.704,5,4,6,6,2,2,PRE_Covid19_(2019)
0.253,0.015,0.145,0.415,0.154,7,4,5,7,5,7,PRE_Covid19_(2019)
-0.058,-0.051,-0.423,-0.116,-0.185,5,4,5,6,6,5,PRE_Covid19_(2019)
0.055,-0.347,0.524,-0.638,0.067,5,3,4,5,5,5,PRE_Covid19_(2019)
0.611,-0.779,1.099,0.132,0.316,6,4,6,5,6,6,PRE_Covid19_(2019)
-2.191,-2.107,-1.614,-1.664,-2.207,3,3,3,4,3,3,PRE_Covid19_(2019)
-0.481,-0.684,-0.254,-1.065,-0.535,5,4,2,2,5,6,PRE_Covid19_(2019)
-0.419,-0.176,-0.998,-0.243,-0.569,5,4,5,5,5,6,PRE_Covid19_(2019)
0.103,0.147,0.776,1.05,0.358,7,5,7,7,7,7,PRE_Covid19_(2019)
-2.027,-1.757,-1.208,-1.531,-1.872,4,4,3,5,2,2,PRE_Covid19_(2019)
0.345,1.113,1.065,0.138,0.918,7,7,4,7,4,4,PRE_Covid19_(2019)
-0.436,-0.42,-0.051,-1.027,-0.348,4,4,4,4,4,4,PRE_Covid19_(2019)
-1.655,-1.386,-1.201,-2.06,-1.583,3,2,4,2,2,3,PRE_Covid19_(2019)
-1.216,-0.966,-0.415,-1.435,-0.985,4,4,2,3,4,4,PRE_Covid19_(2019)
1.18,1.062,1.674,1.05,1.432,7,5,7,7,7,7,PRE_Covid19_(2019)
0.218,-1.382,0.896,0.527,-0.137,6,6,6,6,6,6,PRE_Covid19_(2019)
0.625,1.113,1.099,0.534,1.039,6,6,5,7,6,6,PRE_Covid19_(2019)
-1.919,-1.289,-1.144,-1.034,-1.63,4,5,3,4,4,4,PRE_Covid19_(2019)
0.398,0.291,0.313,0.527,0.373,6,6,6,6,6,6,PRE_Covid19_(2019)
0.088,0.785,-0.254,0.368,0.247,7,5,4,5,7,7,PRE_Covid19_(2019)
0.252,0.568,0.321,0.394,0.423,6,6,5,6,6,6,PRE_Covid19_(2019)
-1.151,-1.087,-0.514,-0.245,-1.039,5,6,6,5,4,4,PRE_Covid19_(2019)
-0.304,-0.913,0.412,-0.11,-0.327,5,5,5,6,5,5,PRE_Covid19_(2019)
-0.774,-1.11,-1.614,-1.404,-1.271,3,5,5,3,2,3,PRE_Covid19_(2019)
-1.276,-1.138,-0.92,-0.907,-1.245,4,4,4,4,5,4,PRE_Covid19_(2019)
-2.451,-2.114,-1.354,-2.074,-2.224,3,3,3,3,3,1,PRE_Covid19_(2019)
-0.148,0.641,-1.151,0.394,-0.203,6,6,5,6,6,6,PRE_Covid19_(2019)
0.132,0.424,0.735,0.01,0.461,5,6,6,5,5,5,PRE_Covid19_(2019)
-0.399,-0.67,-0.1,0.159,-0.445,5,5,6,6,5,6,PRE_Covid19_(2019)
0.795,1.312,0.433,0.782,0.957,6,6,6,6,7,7,PRE_Covid19_(2019)
-1.071,-1.064,-0.745,-1.805,-1.077,3,3,3,3,3,3,PRE_Covid19_(2019)
0.053,-0.195,0.566,-0.13,0.138,6,5,5,5,5,5,PRE_Covid19_(2019)
0.754,0.785,-0.051,0.388,0.577,6,5,4,6,7,7,PRE_Covid19_(2019)
0.334,0.766,0.006,-0.377,0.424,5,4,5,5,5,5,PRE_Covid19_(2019)
-1.15,-0.148,-0.051,-0.371,-0.526,5,5,5,5,4,5,PRE_Covid19_(2019)
-1.43,0.174,-1.565,-0.918,-1.025,3,3,3,3,7,6,PRE_Covid19_(2019)
0.709,0.216,-0.073,0.279,0.336,6,4,6,7,6,5,PRE_Covid19_(2019)
-0.689,-0.869,-0.017,-0.258,-0.607,6,6,5,5,4,4,PRE_Covid19_(2019)
0.533,0.147,0.321,-0.015,0.374,6,5,5,4,6,6,PRE_Covid19_(2019)
0.492,0.225,-0.051,0.399,0.262,7,6,5,7,5,5,PRE_Covid19_(2019)
0.019,-1.138,-0.99,-1.027,-0.759,4,4,4,4,4,4,PRE_Covid19_(2019)
-0.833,-0.973,-1.411,-0.659,-1.173,5,5,4,4,5,4,PRE_Covid19_(2019)
0.305,0.14,-0.563,-0.402,-0.017,5,5,3,4,6,6,PRE_Covid19_(2019)
1.18,0.91,1.268,0.627,1.238,7,7,5,6,7,5,PRE_Covid19_(2019)
0.795,1.312,0.433,0.782,0.957,6,6,6,6,7,7,PRE_Covid19_(2019)
-0.614,-0.254,-1.144,-0.511,-0.724,5,4,4,5,5,5,PRE_Covid19_(2019)
-1.019,0.258,-1.242,-0.25,-0.722,5,5,5,5,5,5,PRE_Covid19_(2019)
-0.493,-0.247,-0.983,0.145,-0.62,5,7,5,6,5,5,PRE_Covid19_(2019)
1.097,0.766,0.531,-0.002,0.902,5,5,6,4,6,6,PRE_Covid19_(2019)
1.097,0.766,0.531,-0.002,0.902,5,5,6,4,6,6,PRE_Covid19_(2019)
-1.17,-2.251,-1.193,-1.295,-1.717,4,3,4,3,4,4,PRE_Covid19_(2019)
0.561,0.891,1.26,1.304,0.984,7,7,7,7,7,7,PRE_Covid19_(2019)
-0.577,-0.051,-0.051,-0.524,-0.264,5,5,4,4,5,5,PRE_Covid19_(2019)
0.185,-1.36,-1.159,0.406,-0.835,5,6,6,6,6,6,PRE_Covid19_(2019)
-0.608,-0.748,-0.129,-0.385,-0.567,6,5,5,5,4,4,PRE_Covid19_(2019)
0.643,0.218,0.11,0.528,0.373,6,6,5,6,6,7,PRE_Covid19_(2019)
0.607,-0.67,-0.269,0.253,-0.106,6,6,5,5,6,6,PRE_Covid19_(2019)
1.18,1.312,1.674,1.304,1.527,7,7,7,7,7,7,PRE_Covid19_(2019)
-2.534,-2.402,-1.776,0.222,-2.508,7,7,6,6,7,1,PRE_Covid19_(2019)
0.012,-0.394,-1.565,-0.129,-0.673,5,7,4,5,5,5,PRE_Covid19_(2019)
0.14,0.068,-0.155,-0.001,0.029,6,4,5,5,6,6,PRE_Covid19_(2019)
-0.091,0.509,-1.614,-0.371,-0.387,5,6,4,6,4,4,PRE_Covid19_(2019)
0.478,0.067,0.11,0.011,0.251,6,5,5,6,5,5,PRE_Covid19_(2019)
0.359,0.424,0.313,-0.25,0.408,5,5,5,5,5,5,PRE_Covid19_(2019)
0.309,0.115,-1.032,-0.256,-0.183,6,2,5,5,6,6,PRE_Covid19_(2019)
1.069,0.917,1.099,0.394,1.14,6,6,5,6,6,6,PRE_Covid19_(2019)
-0.408,-0.939,-0.626,-0.518,-0.728,6,5,4,5,4,4,PRE_Covid19_(2019)
-0.26,-0.084,-0.829,-1.215,-0.414,5,6,2,2,5,3,PRE_Covid19_(2019)
0.905,0.397,1.106,0.005,0.88,5,5,5,5,6,6,PRE_Covid19_(2019)
0.395,0.634,0.152,0.407,0.447,6,7,4,7,5,6,PRE_Covid19_(2019)
0.578,-0.609,0.818,-0.009,0.272,6,5,5,5,6,5,PRE_Covid19_(2019)
0.218,-0.767,-0.22,0.64,-0.28,7,7,6,6,6,5,PRE_Covid19_(2019)
0.164,-0.224,0.531,-0.149,0.159,5,7,4,4,6,5,PRE_Covid19_(2019)
-0.487,-0.597,-0.373,0.532,-0.544,6,7,7,6,5,5,PRE_Covid19_(2019)
0.369,-1.235,-0.787,0.406,-0.589,5,6,6,6,6,6,PRE_Covid19_(2019)
-1.221,-2.005,-1.201,-0.11,-1.647,5,6,6,5,4,5,PRE_Covid19_(2019)
-0.995,-1.013,-0.212,-1.162,-0.848,4,4,4,4,4,3,PRE_Covid19_(2019)
-0.367,-0.202,0.355,-1.013,-0.101,4,4,4,4,3,5,PRE_Covid19_(2019)
-0.14,0.35,0.454,0.151,0.231,5,6,6,6,5,5,PRE_Covid19_(2019)
0.724,1.312,1.674,1.304,1.348,7,7,7,7,7,7,PRE_Covid19_(2019)
0.06,-0.833,-0.051,0.126,-0.31,6,5,5,5,6,6,PRE_Covid19_(2019)
1.18,1.16,1.512,0.79,1.415,7,6,5,7,6,7,PRE_Covid19_(2019)
-0.57,-0.301,-0.787,0.005,-0.604,5,5,5,5,6,6,PRE_Covid19_(2019)
-0.324,0.074,0.524,-0.25,0.077,5,5,5,5,5,5,PRE_Covid19_(2019)
0.564,0.693,1.309,0.768,0.927,7,6,6,6,7,6,PRE_Covid19_(2019)
0.036,1.312,1.148,-0.114,0.9,5,3,3,7,7,6,PRE_Covid19_(2019)
0.486,1.187,0.685,0.661,0.873,6,5,6,7,7,6,PRE_Covid19_(2019)
-1.908,-1.504,-1.369,-1.155,-1.784,4,3,4,4,4,4,PRE_Covid19_(2019)
0.866,0.291,0.727,0.653,0.696,6,7,7,6,6,5,PRE_Covid19_(2019)
-0.316,-0.401,-0.626,0.137,-0.488,6,6,6,6,5,4,PRE_Covid19_(2019)
0.641,0.093,0.152,0.527,0.339,6,6,6,6,6,6,PRE_Covid19_(2019)
-0.089,-1.187,-0.584,-0.767,-0.683,4,5,5,4,4,4,PRE_Covid19_(2019)
0.102,-0.67,-0.051,0.018,-0.231,6,6,5,6,4,5,PRE_Covid19_(2019)
-0.256,0.074,0.37,-0.633,0.052,5,4,5,5,4,4,PRE_Covid19_(2019)
-0.073,-0.394,0.152,-0.137,-0.127,6,6,5,5,5,4,PRE_Covid19_(2019)
-1.64,-1.613,-1.565,-1.549,-1.786,3,3,3,3,4,4,PRE_Covid19_(2019)
-0.591,-1.242,-1.201,-0.639,-1.109,5,5,4,5,4,4,PRE_Covid19_(2019)
0.641,-0.491,0.103,0.527,0.1,6,6,6,6,6,6,PRE_Covid19_(2019)
0.213,0.384,-0.927,-0.237,-0.083,6,4,5,6,4,5,PRE_Covid19_(2019)
1.097,0.863,-0.886,0.649,0.46,6,6,5,6,7,7,PRE_Covid19_(2019)
-1.915,-1.783,-1.201,-1.805,-1.836,3,3,3,3,3,3,PRE_Covid19_(2019)
-0.569,-0.401,-0.465,-0.498,-0.533,5,5,4,6,4,4,PRE_Covid19_(2019)
1.068,0.712,-0.795,0.654,0.422,6,7,6,6,6,6,PRE_Covid19_(2019)
-0.798,-1.433,-1.614,-0.619,-1.403,4,5,4,6,4,4,PRE_Covid19_(2019)
0.641,0.49,-0.051,0.266,0.421,7,6,6,5,4,6,PRE_Covid19_(2019)
0.641,0.443,-0.163,0.261,0.365,5,5,5,5,7,7,PRE_Covid19_(2019)
1.1,-0.834,-0.626,-0.123,-0.095,5,6,5,5,5,5,PRE_Covid19_(2019)
-0.059,-0.769,-0.941,-0.391,-0.633,5,5,5,4,5,5,PRE_Covid19_(2019)
-0.284,-0.953,-0.415,-0.377,-0.614,5,4,5,5,5,5,PRE_Covid19_(2019)
0.566,0.837,-0.254,0.526,0.455,6,6,7,6,6,5,PRE_Covid19_(2019)
-1.786,-1.709,-1.572,-1.512,-1.882,2,3,5,5,3,2,PRE_Covid19_(2019)
0.818,1.023,0.482,1.057,0.873,6,6,7,7,7,7,PRE_Covid19_(2019)
-0.719,-0.571,-0.668,-0.507,-0.725,6,5,6,5,3,3,PRE_Covid19_(2019)
0.115,-1.511,-1.151,0.138,-0.917,6,6,5,6,5,5,PRE_Covid19_(2019)
0.617,0.253,0.524,-0.651,0.516,5,4,4,4,5,5,PRE_Covid19_(2019)
0.512,-1.802,-0.212,-0.498,-0.554,5,4,5,5,4,5,PRE_Covid19_(2019)
-1.056,-0.401,-1.565,0.399,-1.096,6,7,6,6,5,5,PRE_Covid19_(2019)
-0.817,-0.878,-1.776,-1.303,-1.254,3,5,3,4,5,2,PRE_Covid19_(2019)
-2.332,-2.052,-1.776,0.908,-2.296,7,7,7,6,6,6,PRE_Covid19_(2019)
0.866,-0.032,-0.373,0.654,0.203,6,7,6,6,6,6,PRE_Covid19_(2019)
0.902,0.225,-0.288,0.399,0.343,6,7,6,6,5,5,PRE_Covid19_(2019)
-0.645,-0.295,0.313,-1.146,-0.26,5,5,1,5,2,5,PRE_Covid19_(2019)
1.18,1.312,-0.051,-0.269,0.945,6,4,4,5,6,5,PRE_Covid19_(2019)
-2.534,-2.402,-1.776,-3.359,-2.508,1,1,1,1,1,1,PRE_Covid19_(2019)
-0.994,-0.34,-1.208,0.54,-0.928,6,6,7,6,5,6,PRE_Covid19_(2019)
0.983,1.187,0.152,0.642,0.889,6,6,6,5,7,7,PRE_Covid19_(2019)
-0.221,0.28,-1.565,0.642,-0.509,7,6,4,7,7,6,PRE_Covid19_(2019)
0.538,0.343,0.524,0.253,0.519,6,6,5,5,6,6,PRE_Covid19_(2019)
0.188,-0.183,-1.201,-0.002,-0.401,6,6,5,5,5,5,PRE_Covid19_(2019)
0.499,0.272,0.524,0.547,0.476,7,4,7,7,5,6,PRE_Covid19_(2019)
0.563,0.193,0.137,0.648,0.341,6,6,6,6,7,6,PRE_Covid19_(2019)
0.326,-0.051,0.16,-0.001,0.163,5,6,4,5,6,6,PRE_Covid19_(2019)
-0.253,-0.195,0.152,-0.384,-0.122,5,5,4,5,5,5,PRE_Covid19_(2019)
-0.169,-0.051,-0.212,0.392,-0.157,6,6,6,6,6,5,PRE_Covid19_(2019)
0.931,0.812,0.706,1.304,0.913,7,7,7,7,7,7,IN_Covid19_(2021)
0.273,1.042,1.042,0.414,0.855,5,5,6,6,6,7,IN_Covid19_(2021)
1.014,1.062,0.363,0.809,0.925,5,5,7,7,7,7,IN_Covid19_(2021)
0.01,-1.21,-1.411,-0.399,-0.932,5,5,5,5,6,3,IN_Covid19_(2021)
0.746,1.062,-0.19,0.661,0.632,5,7,7,5,6,7,IN_Covid19_(2021)
-0.413,-0.043,-0.527,-0.028,-0.357,7,4,4,5,7,5,IN_Covid19_(2021)
0.367,-0.711,0.412,-0.371,0.013,5,5,5,5,4,5,IN_Covid19_(2021)
0.417,-0.585,-1.776,-2.315,-0.657,2,3,3,3,2,1,IN_Covid19_(2021)
1.18,1.312,1.674,1.304,1.527,7,7,7,7,7,7,IN_Covid19_(2021)
0.986,0.272,0.727,0.922,0.736,6,6,7,7,7,6,IN_Covid19_(2021)
1.18,1.312,1.351,1.304,1.418,7,7,7,7,7,7,IN_Covid19_(2021)
0.269,0.549,0.896,0.119,0.617,6,5,6,4,6,6,IN_Covid19_(2021)
1.18,1.187,1.512,0.151,1.425,5,6,6,6,5,5,IN_Covid19_(2021)
-0.23,-0.475,-1.354,-0.659,-0.728,6,3,5,4,5,4,IN_Covid19_(2021)
0.362,-0.087,-0.15,-1.27,0.059,3,4,5,4,3,3,IN_Covid19_(2021)
-0.916,-1.289,-1.201,-0.491,-1.255,3,5,5,5,5,5,IN_Covid19_(2021)
-0.144,-0.472,-1.354,-0.25,-0.693,5,5,5,5,5,5,IN_Covid19_(2021)
0.418,-0.074,1.065,1.304,0.496,7,7,7,7,7,7,IN_Covid19_(2021)
-0.147,-1.12,-0.584,-0.531,-0.68,4,4,4,4,7,5,IN_Covid19_(2021)
0.707,1.113,-0.941,0.802,0.383,6,6,6,7,6,7,IN_Covid19_(2021)
1.18,1.312,1.674,1.184,1.527,6,7,7,7,7,7,IN_Covid19_(2021)
1.068,1.009,0.446,0.775,0.954,6,7,6,6,7,6,IN_Covid19_(2021)
0.513,1.062,1.05,0.653,0.959,5,7,7,6,7,5,IN_Covid19_(2021)
1.18,0.562,0.503,1.304,0.847,7,7,7,7,7,7,IN_Covid19_(2021)
0.903,0.837,0.581,-0.511,0.869,4,5,5,4,5,5,IN_Covid19_(2021)
1.18,1.187,1.512,1.304,1.425,7,7,7,7,7,7,IN_Covid19_(2021)
1.18,1.187,0.249,-2.978,0.999,2,2,2,1,1,1,IN_Covid19_(2021)
0.957,1.035,-0.78,0.895,0.506,7,7,6,6,7,6,IN_Covid19_(2021)
-1.141,-2.005,-1.776,-1.718,-1.809,3,3,3,2,6,2,IN_Covid19_(2021)
0.931,0.937,0.769,1.304,0.981,7,7,7,7,7,7,IN_Covid19_(2021)
0.338,-0.92,-0.576,-0.137,-0.411,6,6,5,5,5,4,IN_Covid19_(2021)
1.014,0.568,0.321,-0.25,0.723,5,5,5,5,5,5,IN_Covid19_(2021)
0.559,0.785,-0.499,1.17,0.349,7,7,7,7,7,6,IN_Covid19_(2021)
0.058,-0.194,-0.948,-0.472,-0.371,2,3,6,6,6,5,IN_Covid19_(2021)
-1.45,-2.005,-1.776,0.795,-1.931,7,5,7,7,6,6,IN_Covid19_(2021)
-0.367,0.291,-0.058,0.286,-0.054,5,6,6,6,5,6,IN_Covid19_(2021)
0.67,0.108,-0.332,0.532,0.192,7,7,7,6,4,5,IN_Covid19_(2021)
-0.233,-1.428,-1.369,-0.931,-1.096,7,7,7,2,1,1,IN_Covid19_(2021)
1.18,1.062,1.471,1.184,1.364,7,7,7,7,6,7,IN_Covid19_(2021)
0.681,1.312,1.351,1.184,1.222,6,7,7,7,7,7,IN_Covid19_(2021)
-0.743,-0.357,-0.983,-1.028,-0.76,4,3,4,5,5,3,IN_Covid19_(2021)
0.234,-0.195,0.355,0.527,0.138,6,6,6,6,6,6,IN_Covid19_(2021)
0.147,1.009,0.09,-1.395,0.471,2,4,2,5,4,4,IN_Covid19_(2021)
0.818,0.608,0.608,1.304,0.758,7,7,7,7,7,7,IN_Covid19_(2021)
-0.005,-0.022,-1.776,-0.25,-0.61,5,5,5,5,5,5,IN_Covid19_(2021)
0.902,0.641,0.363,-0.13,0.721,5,5,5,5,6,5,IN_Covid19_(2021)
1.18,1.062,-1.776,1.304,0.268,7,7,7,7,7,7,IN_Covid19_(2021)
-0.233,-0.077,-1.776,0.131,-0.72,6,6,6,5,5,5,IN_Covid19_(2021)
0.251,0.291,-1.776,-0.893,-0.39,4,4,4,4,4,5,IN_Covid19_(2021)
0.511,0.858,-0.366,0.661,0.403,6,6,7,6,6,6,IN_Covid19_(2021)
0.931,-0.487,-0.373,0.125,0.055,6,5,6,5,6,5,IN_Covid19_(2021)
1.18,1.312,1.674,1.304,1.527,7,7,7,7,7,7,IN_Covid19_(2021)
-0.775,-0.67,-1.453,-1.308,-1.05,5,4,2,4,4,3,IN_Covid19_(2021)
0.681,0.562,-1.166,0.782,0.088,6,6,6,6,7,7,IN_Covid19_(2021)
1.18,1.312,1.674,1.063,1.527,5,7,7,7,7,7,IN_Covid19_(2021)
0.661,-1.066,-0.155,1.304,-0.197,7,7,7,7,7,7,IN_Covid19_(2021)
0.661,-1.066,-0.155,1.304,-0.197,7,7,7,7,7,7,IN_Covid19_(2021)
1.18,1.312,0.945,1.304,1.281,7,7,7,7,7,7,IN_Covid19_(2021)
-1.428,-1.367,-0.795,-0.48,-1.349,1,7,6,5,5,4,IN_Covid19_(2021)
-1.34,-1.071,-0.998,-0.779,-1.271,4,7,3,4,4,4,IN_Covid19_(2021)
0.141,1.042,0.685,0.648,0.682,6,6,6,6,7,6,IN_Covid19_(2021)
-0.221,0.622,-0.051,0.527,0.132,6,6,6,6,6,6,IN_Covid19_(2021)
0.873,0.937,-0.17,0.285,0.642,5,6,7,6,5,5,IN_Covid19_(2021)
1.097,0.91,1.19,1.304,1.179,7,7,7,7,7,7,IN_Covid19_(2021)
0.791,1.187,1.26,0.406,1.187,5,6,6,6,6,6,IN_Covid19_(2021)
1.097,0.568,0.573,1.304,0.841,7,7,7,7,7,7,IN_Covid19_(2021)
-0.352,-0.545,-0.415,1.304,-0.485,7,7,7,7,7,7,IN_Covid19_(2021)
1.18,1.312,1.674,1.063,1.527,5,7,7,7,7,7,IN_Covid19_(2021)
0.773,0.443,1.302,0.406,0.912,5,6,6,6,6,6,IN_Covid19_(2021)
0.681,0.721,0.784,1.304,0.806,7,7,7,7,7,7,IN_Covid19_(2021)
0.873,0.785,0.524,0.527,0.818,6,6,6,6,6,6,IN_Covid19_(2021)
0.931,0.792,0.72,0.922,0.91,5,7,7,6,7,7,IN_Covid19_(2021)
1.18,1.312,1.674,1.304,1.527,7,7,7,7,7,7,IN_Covid19_(2021)
1.18,1.187,1.512,1.304,1.425,7,7,7,7,7,7,IN_Covid19_(2021)
1.18,1.312,1.674,1.304,1.527,7,7,7,7,7,7,IN_Covid19_(2021)
0.639,-0.273,-0.009,0.527,0.145,6,6,6,6,6,6,IN_Covid19_(2021)
0.512,0.879,-1.776,0.922,-0.064,7,7,7,6,5,7,IN_Covid19_(2021)
0.641,0.193,-0.163,1.17,0.27,7,7,7,7,7,6,IN_Covid19_(2021)
0.985,0.391,-0.339,-0.364,0.421,4,6,5,5,4,5,IN_Covid19_(2021)
0.856,1.16,0.152,0.928,0.828,7,7,7,7,5,6,IN_Covid19_(2021)
0.273,1.042,1.042,0.414,0.855,5,5,6,6,6,7,IN_Covid19_(2021)
1.014,1.062,0.363,0.809,0.925,5,5,7,7,7,7,IN_Covid19_(2021)
0.01,-1.21,-1.411,-0.399,-0.932,5,5,5,5,6,3,IN_Covid19_(2021)
0.746,1.062,-0.19,0.661,0.632,5,7,7,5,6,7,IN_Covid19_(2021)
-0.413,-0.043,-0.527,-0.028,-0.357,7,4,4,5,7,5,IN_Covid19_(2021)
0.367,-0.711,0.412,-0.371,0.013,5,5,5,5,4,5,IN_Covid19_(2021)
0.417,-0.585,-1.776,-2.315,-0.657,2,3,3,3,2,1,IN_Covid19_(2021)
1.18,1.312,1.674,1.304,1.527,7,7,7,7,7,7,IN_Covid19_(2021)
0.986,0.272,0.727,0.922,0.736,6,6,7,7,7,6,IN_Covid19_(2021)
1.18,1.312,1.351,1.304,1.418,7,7,7,7,7,7,IN_Covid19_(2021)
0.269,0.549,0.896,0.119,0.617,6,5,6,4,6,6,IN_Covid19_(2021)
1.18,1.187,1.512,0.151,1.425,5,6,6,6,5,5,IN_Covid19_(2021)
-0.23,-0.475,-1.354,-0.659,-0.728,6,3,5,4,5,4,IN_Covid19_(2021)
0.362,-0.087,-0.15,-1.27,0.059,3,4,5,4,3,3,IN_Covid19_(2021)
-0.916,-1.289,-1.201,-0.491,-1.255,3,5,5,5,5,5,IN_Covid19_(2021)
-0.144,-0.472,-1.354,-0.25,-0.693,5,5,5,5,5,5,IN_Covid19_(2021)
0.418,-0.074,1.065,1.304,0.496,7,7,7,7,7,7,IN_Covid19_(2021)
-0.147,-1.12,-0.584,-0.531,-0.68,4,4,4,4,7,5,IN_Covid19_(2021)
0.707,1.113,-0.941,0.802,0.383,6,6,6,7,6,7,IN_Covid19_(2021)
1.18,1.312,1.674,1.184,1.527,6,7,7,7,7,7,IN_Covid19_(2021)
1.068,1.009,0.446,0.775,0.954,6,7,6,6,7,6,IN_Covid19_(2021)
0.513,1.062,1.05,0.653,0.959,5,7,7,6,7,5,IN_Covid19_(2021)
1.18,0.562,0.503,1.304,0.847,7,7,7,7,7,7,IN_Covid19_(2021)
0.903,0.837,0.581,-0.511,0.869,4,5,5,4,5,5,IN_Covid19_(2021)
1.18,1.187,1.512,1.304,1.425,7,7,7,7,7,7,IN_Covid19_(2021)
1.18,1.187,0.249,-2.978,0.999,2,2,2,1,1,1,IN_Covid19_(2021)
0.957,1.035,-0.78,0.895,0.506,7,7,6,6,7,6,IN_Covid19_(2021)
-1.141,-2.005,-1.776,-1.718,-1.809,3,3,3,2,6,2,IN_Covid19_(2021)
0.931,0.937,0.769,1.304,0.981,7,7,7,7,7,7,IN_Covid19_(2021)
0.338,-0.92,-0.576,-0.137,-0.411,6,6,5,5,5,4,IN_Covid19_(2021)
1.014,0.568,0.321,-0.25,0.723,5,5,5,5,5,5,IN_Covid19_(2021)
0.559,0.785,-0.499,1.17,0.349,7,7,7,7,7,6,IN_Covid19_(2021)
0.058,-0.194,-0.948,-0.472,-0.371,2,3,6,6,6,5,IN_Covid19_(2021)
-1.45,-2.005,-1.776,0.795,-1.931,7,5,7,7,6,6,IN_Covid19_(2021)
-0.367,0.291,-0.058,0.286,-0.054,5,6,6,6,5,6,IN_Covid19_(2021)
0.67,0.108,-0.332,0.532,0.192,7,7,7,6,4,5,IN_Covid19_(2021)
-0.233,-1.428,-1.369,-0.931,-1.096,7,7,7,2,1,1,IN_Covid19_(2021)
1.18,1.062,1.471,1.184,1.364,7,7,7,7,6,7,IN_Covid19_(2021)
0.681,1.312,1.351,1.184,1.222,6,7,7,7,7,7,IN_Covid19_(2021)
-0.743,-0.357,-0.983,-1.028,-0.76,4,3,4,5,5,3,IN_Covid19_(2021)
0.234,-0.195,0.355,0.527,0.138,6,6,6,6,6,6,IN_Covid19_(2021)
0.147,1.009,0.09,-1.395,0.471,2,4,2,5,4,4,IN_Covid19_(2021)
0.818,0.608,0.608,1.304,0.758,7,7,7,7,7,7,IN_Covid19_(2021)
-0.005,-0.022,-1.776,-0.25,-0.61,5,5,5,5,5,5,IN_Covid19_(2021)
0.902,0.641,0.363,-0.13,0.721,5,5,5,5,6,5,IN_Covid19_(2021)
1.18,1.062,-1.776,1.304,0.268,7,7,7,7,7,7,IN_Covid19_(2021)
-0.233,-0.077,-1.776,0.131,-0.72,6,6,6,5,5,5,IN_Covid19_(2021)
0.251,0.291,-1.776,-0.893,-0.39,4,4,4,4,4,5,IN_Covid19_(2021)
0.511,0.858,-0.366,0.661,0.403,6,6,7,6,6,6,IN_Covid19_(2021)
0.931,-0.487,-0.373,0.125,0.055,6,5,6,5,6,5,IN_Covid19_(2021)
1.18,1.312,1.674,1.304,1.527,7,7,7,7,7,7,IN_Covid19_(2021)
-0.775,-0.67,-1.453,-1.308,-1.05,5,4,2,4,4,3,IN_Covid19_(2021)
0.681,0.562,-1.166,0.782,0.088,6,6,6,6,7,7,IN_Covid19_(2021)
1.18,1.312,1.674,1.063,1.527,5,7,7,7,7,7,IN_Covid19_(2021)
0.661,-1.066,-0.155,1.304,-0.197,7,7,7,7,7,7,IN_Covid19_(2021)
0.661,-1.066,-0.155,1.304,-0.197,7,7,7,7,7,7,IN_Covid19_(2021)
1.18,1.312,0.945,1.304,1.281,7,7,7,7,7,7,IN_Covid19_(2021)
-1.428,-1.367,-0.795,-0.48,-1.349,1,7,6,5,5,4,IN_Covid19_(2021)
-1.34,-1.071,-0.998,-0.779,-1.271,4,7,3,4,4,4,IN_Covid19_(2021)
0.141,1.042,0.685,0.648,0.682,6,6,6,6,7,6,IN_Covid19_(2021)
-0.221,0.622,-0.051,0.527,0.132,6,6,6,6,6,6,IN_Covid19_(2021)
0.873,0.937,-0.17,0.285,0.642,5,6,7,6,5,5,IN_Covid19_(2021)
1.097,0.91,1.19,1.304,1.179,7,7,7,7,7,7,IN_Covid19_(2021)
0.791,1.187,1.26,0.406,1.187,5,6,6,6,6,6,IN_Covid19_(2021)
1.097,0.568,0.573,1.304,0.841,7,7,7,7,7,7,IN_Covid19_(2021)
-0.352,-0.545,-0.415,1.304,-0.485,7,7,7,7,7,7,IN_Covid19_(2021)
1.18,1.312,1.674,1.063,1.527,5,7,7,7,7,7,IN_Covid19_(2021)
0.773,0.443,1.302,0.406,0.912,5,6,6,6,6,6,IN_Covid19_(2021)
0.681,0.721,0.784,1.304,0.806,7,7,7,7,7,7,IN_Covid19_(2021)
0.873,0.785,0.524,0.527,0.818,6,6,6,6,6,6,IN_Covid19_(2021)
0.931,0.792,0.72,0.922,0.91,5,7,7,6,7,7,IN_Covid19_(2021)
1.18,1.312,1.674,1.304,1.527,7,7,7,7,7,7,IN_Covid19_(2021)
1.18,1.187,1.512,1.304,1.425,7,7,7,7,7,7,IN_Covid19_(2021)
1.18,1.312,1.674,1.304,1.527,7,7,7,7,7,7,IN_Covid19_(2021)
0.639,-0.273,-0.009,0.527,0.145,6,6,6,6,6,6,IN_Covid19_(2021)
0.512,0.879,-1.776,0.922,-0.064,7,7,7,6,5,7,IN_Covid19_(2021)
0.641,0.193,-0.163,1.17,0.27,7,7,7,7,7,6,IN_Covid19_(2021)
0.985,0.391,-0.339,-0.364,0.421,4,6,5,5,4,5,IN_Covid19_(2021)
0.856,1.16,0.152,0.928,0.828,7,7,7,7,5,6,IN_Covid19_(2021)
-2.207,-1.982,-0.381,-1.53,-1.749,3,2,3,5,4,3,POST_Covid19_(2023)
0.561,1.042,0.581,0.775,0.812,7,7,6,6,6,6,POST_Covid19_(2023)
0.561,0.844,0.784,0.527,0.806,6,6,6,6,6,6,POST_Covid19_(2023)
1.18,1.312,1.19,0.527,1.364,6,6,6,6,6,6,POST_Covid19_(2023)
1.069,1.312,1.512,0.398,1.429,7,7,7,6,4,4,POST_Covid19_(2023)
-0.407,0.074,-0.205,-0.772,-0.201,4,4,4,4,5,5,POST_Covid19_(2023)
-0.361,0.306,1.106,-0.371,0.347,5,5,5,5,4,5,POST_Covid19_(2023)
0.838,0.39,1.309,1.184,0.919,7,7,7,7,6,7,POST_Covid19_(2023)
0.304,0.397,1.106,0.775,0.644,7,7,6,6,6,6,POST_Covid19_(2023)
-0.371,0.638,0.328,-0.518,0.207,4,6,4,4,5,5,POST_Covid19_(2023)
0.561,0.515,0.37,0.286,0.541,6,6,6,6,4,6,POST_Covid19_(2023)
0.025,0.225,1.099,-0.25,0.466,5,5,5,5,5,5,POST_Covid19_(2023)
-0.177,-0.276,0.152,-1.283,-0.123,4,4,4,4,3,3,POST_Covid19_(2023)
0.533,0.77,0.581,0.781,0.698,7,7,6,7,6,5,POST_Covid19_(2023)
0.838,0.844,1.309,0.781,1.092,7,6,7,6,6,6,POST_Covid19_(2023)
0.449,1.042,1.674,0.527,1.137,6,6,6,6,6,6,POST_Covid19_(2023)
-0.288,0.773,0.581,-2.215,0.376,4,4,4,1,1,1,POST_Covid19_(2023)
-2.371,-1.338,-0.941,0.38,-1.758,6,5,6,5,7,6,POST_Covid19_(2023)
-2.534,-1.448,-1.776,-3.224,-2.146,1,1,1,1,1,2,POST_Covid19_(2023)
-2.534,-0.401,-0.45,-0.639,-1.301,4,5,4,5,5,4,POST_Covid19_(2023)
1.18,1.009,1.674,1.304,1.412,7,7,7,7,7,7,POST_Covid19_(2023)
-1.713,-1.908,-0.78,-0.504,-1.661,4,5,4,5,5,5,POST_Covid19_(2023)
-1.803,-1.584,-1.201,-2.053,-1.716,2,3,4,2,2,3,POST_Covid19_(2023)
1.18,1.312,1.674,1.304,1.527,7,7,7,7,7,7,POST_Covid19_(2023)
-1.382,-0.895,-0.415,-0.25,-1.024,5,5,5,5,5,5,POST_Covid19_(2023)
-2.534,-0.87,-0.078,1.304,-1.353,7,7,7,7,7,7,POST_Covid19_(2023)
0.022,0.542,0.524,0.137,0.391,6,6,6,6,5,4,POST_Covid19_(2023)
-2.534,-2.402,-1.776,0.756,-2.508,7,7,5,5,7,7,POST_Covid19_(2023)
-1.296,-1.02,-0.423,-1.41,-1.04,3,3,4,4,4,3,POST_Covid19_(2023)
-0.058,0.461,0.16,1.304,0.206,7,7,7,7,7,7,POST_Covid19_(2023)
-0.343,0.012,0.433,0.025,0.016,5,5,5,6,5,6,POST_Covid19_(2023)
-0.522,-0.199,0.054,-0.501,-0.263,4,5,6,6,5,2,POST_Covid19_(2023)
-0.684,-0.058,-0.415,-0.245,-0.431,5,6,6,5,4,4,POST_Covid19_(2023)
-2.201,-2.402,-1.776,0.239,-2.377,6,6,5,5,7,5,POST_Covid19_(2023)
1.18,1.16,1.463,0.788,1.398,7,6,6,7,6,6,POST_Covid19_(2023)
-1.303,-1.72,-0.205,0.138,-1.235,6,6,5,6,5,5,POST_Covid19_(2023)
0.484,0.74,0.888,0.527,0.771,6,6,6,6,6,6,POST_Covid19_(2023)
1.18,1.312,1.19,1.17,1.364,7,7,7,7,7,6,POST_Covid19_(2023)
-1.842,-1.235,-0.423,-0.646,-1.336,5,5,5,4,4,4,POST_Covid19_(2023)
0.353,-0.402,0.566,0.252,0.177,5,6,6,5,7,5,POST_Covid19_(2023)
-1.862,-1.783,-0.738,0.401,-1.658,4,6,6,5,7,7,POST_Covid19_(2023)
1.061,1.312,1.674,0.782,1.48,6,6,6,6,7,7,POST_Covid19_(2023)
0.217,0.693,0.896,0.915,0.651,7,7,6,7,6,6,POST_Covid19_(2023)
-0.288,0.619,0.524,0.386,0.299,6,6,6,5,6,6,POST_Covid19_(2023)
0.561,0.891,1.309,0.908,1.001,7,7,7,6,6,6,POST_Covid19_(2023)
0.092,0.773,1.674,-0.13,0.895,6,5,5,5,5,5,POST_Covid19_(2023)
0.435,-0.141,0.831,0.253,0.398,6,6,5,5,6,6,POST_Covid19_(2023)
-0.907,-0.869,-0.051,-1.027,-0.704,4,4,4,4,4,4,POST_Covid19_(2023)
0.022,0.568,0.896,-0.236,0.527,5,5,5,5,4,6,POST_Covid19_(2023)
-1.418,-1.006,-0.73,-2.065,-1.186,3,2,2,3,3,3,POST_Covid19_(2023)
1.18,1.312,0.581,1.17,1.158,7,7,7,7,7,6,POST_Covid19_(2023)
0.561,0.693,1.057,0.775,0.84,7,7,6,6,6,6,POST_Covid19_(2023)
0.561,0.693,1.099,0.527,0.855,6,6,6,6,6,6,POST_Covid19_(2023)
-1.083,-0.111,-1.047,0.266,-0.822,6,6,6,5,5,6,POST_Covid19_(2023)
-2.309,-1.861,-0.135,-1.535,-1.66,3,3,3,3,3,5,POST_Covid19_(2023)
0.869,0.962,1.674,0.93,1.272,6,7,6,7,6,7,POST_Covid19_(2023)
0.791,1.187,1.309,0.406,1.204,5,6,6,6,6,6,POST_Covid19_(2023)
-2.534,-2.1,-0.933,-3.085,-2.109,1,1,2,2,1,1,POST_Covid19_(2023)
-0.558,-0.545,-0.212,-0.371,-0.498,5,5,5,5,4,5,POST_Covid19_(2023)
-0.743,0.7,-0.19,-0.342,-0.091,2,4,4,6,6,7,POST_Covid19_(2023)
0.254,0.343,0.735,-0.364,0.478,4,6,5,5,4,5,POST_Covid19_(2023)
-1.702,-0.036,0.11,-0.373,-0.646,6,7,6,5,2,3,POST_Covid19_(2023)
-0.323,0.225,0.938,0.406,0.275,5,6,6,6,6,6,POST_Covid19_(2023)
-1.101,-1.363,-0.66,-2.568,-1.173,2,2,2,2,1,3,POST_Covid19_(2023)
0.943,1.312,1.471,0.184,1.365,1,7,7,6,6,6,POST_Covid19_(2023)
-2.371,-1.783,-0.983,-0.785,-1.941,4,4,3,4,6,5,POST_Covid19_(2023)
0.626,0.048,0.678,-0.277,0.493,4,5,6,3,7,5,POST_Covid19_(2023)
-0.407,0.269,-0.261,-1.296,-0.146,5,4,3,4,3,3,POST_Covid19_(2023)
-0.376,-0.394,0.16,-1.684,-0.244,3,3,3,3,4,3,POST_Covid19_(2023)
-0.058,0.074,0.524,-0.25,0.182,5,5,5,5,5,5,POST_Covid19_(2023)
-2.226,-1.514,-1.242,-1.148,-1.87,3,4,4,4,4,4,POST_Covid19_(2023)
0.629,0.461,0.313,-0.251,0.528,5,5,6,5,5,4,POST_Covid19_(2023)
0.936,0.612,0.313,-0.371,0.706,4,5,5,5,5,5,POST_Covid19_(2023)
-0.137,0.225,0.896,0.159,0.334,5,5,6,6,5,6,POST_Covid19_(2023)
-0.327,-1.452,-0.683,-0.713,-0.91,6,6,3,3,7,2,POST_Covid19_(2023)
-1.373,-0.361,-0.197,-0.371,-0.744,4,5,5,5,5,5,POST_Covid19_(2023)
0.869,0.763,0.888,-0.091,0.931,6,5,6,7,3,4,POST_Covid19_(2023)
-1.678,-1.083,-0.051,-0.371,-1.088,5,5,5,5,4,5,POST_Covid19_(2023)
0.438,0.715,1.065,0.922,0.803,6,7,7,6,6,7,POST_Covid19_(2023)
-0.571,0.612,1.099,-1.551,0.379,4,3,4,3,3,3,POST_Covid19_(2023)
-0.563,-0.394,-0.205,-1.027,-0.44,4,4,4,4,4,4,POST_Covid19_(2023)
-2.534,-2.402,-1.776,-3.359,-2.508,1,1,1,1,1,1,POST_Covid19_(2023)
-1.409,-0.895,-0.465,-1.684,-1.051,4,3,3,3,3,3,POST_Covid19_(2023)
-2.534,-0.125,-0.254,-1.009,-1.13,5,4,5,5,2,3,POST_Covid19_(2023)
-0.454,-0.354,-0.1,-1.283,-0.347,4,4,4,4,3,3,POST_Covid19_(2023)
-0.376,-0.151,0.678,0.795,0.024,7,7,6,7,5,6,POST_Covid19_(2023)
-0.786,0.283,0.581,-0.505,-0.006,4,4,4,6,6,4,POST_Covid19_(2023)
1.18,1.312,1.674,1.304,1.527,7,7,7,7,7,7,POST_Covid19_(2023)
0.374,1.312,1.674,1.304,1.21,7,7,7,7,7,7,POST_Covid19_(2023)
-2.534,-2.402,-1.614,-2.562,-2.453,2,2,2,3,1,2,POST_Covid19_(2023)
-0.651,0.214,0.328,-0.52,-0.064,5,5,5,5,5,3,POST_Covid19_(2023)
-2.534,-2.402,-1.776,-3.359,-2.508,1,1,1,1,1,1,POST_Covid19_(2023)
1.18,1.312,1.463,0.392,1.456,6,6,6,6,6,5,POST_Covid19_(2023)
-0.825,0.003,-0.197,-1.284,-0.39,5,4,5,4,2,2,POST_Covid19_(2023)
-1.876,0.461,-0.499,-0.352,-0.731,6,5,6,6,2,4,POST_Covid19_(2023)
-0.058,0.074,0.727,-0.25,0.251,5,5,5,5,5,5,POST_Covid19_(2023)
-0.544,0.504,1.674,1.304,0.542,7,7,7,7,7,7,POST_Covid19_(2023)
1.18,1.312,1.099,1.049,1.333,7,7,7,7,6,6,POST_Covid19_(2023)
-0.367,0.884,0.321,-0.486,0.3,4,5,5,6,4,4,POST_Covid19_(2023)
-1.977,-1.5,-0.52,-1.491,-1.523,2,3,4,6,2,3,POST_Covid19_(2023)
0.058,0.424,1.099,0.016,0.555,6,6,6,6,4,4,POST_Covid19_(2023)
-0.869,-0.612,1.065,1.304,-0.215,7,7,7,7,7,7,POST_Covid19_(2023)
1.18,1.312,1.674,1.304,1.527,7,7,7,7,7,7,POST_Covid19_(2023)
-0.205,0.048,0.693,-0.117,0.171,6,5,6,5,4,5,POST_Covid19_(2023)
0.172,0.715,0.3,0.043,0.44,5,5,7,7,4,4,POST_Covid19_(2023)
0.671,1.035,1.057,0.519,1.014,7,7,6,6,5,5,POST_Covid19_(2023)
-1.835,-1.639,-0.626,0.279,-1.555,5,5,6,6,6,6,POST_Covid19_(2023)
-1.059,-1.164,-0.415,-1.537,-0.999,4,4,3,4,2,3,POST_Covid19_(2023)
-2.451,-2.258,-1.614,-3.105,-2.366,2,1,2,1,1,1,POST_Covid19_(2023)
-2.227,-1.408,-1.614,-0.004,-1.955,6,6,6,5,5,4,POST_Covid19_(2023)
-2.145,-2.052,-0.871,-2.06,-1.917,2,2,4,2,3,3,POST_Covid19_(2023)
-2.534,-2.052,-1.201,-2.582,-2.181,2,2,2,2,2,2,POST_Covid19_(2023)
-0.67,-0.347,0.313,-0.78,-0.29,5,5,4,4,4,4,POST_Covid19_(2023)
-0.558,-0.545,-0.423,-0.498,-0.569,4,4,5,5,5,5,POST_Covid19_(2023)
0.684,0.818,1.309,-0.115,1.021,5,5,5,5,5,6,POST_Covid19_(2023)
0.561,0.837,1.309,0.527,0.98,6,6,6,6,6,6,POST_Covid19_(2023)
1.18,1.312,1.674,1.304,1.527,7,7,7,7,7,7,POST_Covid19_(2023)
-0.159,-0.25,0.209,-1.275,-0.087,2,3,4,4,5,4,POST_Covid19_(2023)
-1.087,0.093,-0.1,0.533,-0.426,5,5,7,6,7,6,POST_Covid19_(2023)